y_pred,y_true
2.7745962e-05,0
2.7745962e-05,0
0.020282656,0
0.01655218,0
0.035863966,0
0.035863966,0
0.65130204,0
0.0704523,0
0.00020357966,0
0.00020357966,0
0.7030804,0
0.31980646,0
0.31980646,0
0.00064510107,0
0.00064510107,0
0.0029394627,0
0.0029394627,0
0.0030601323,0
0.0030601323,0
0.088127345,0
0.088127345,0
0.02443111,0
0.02443111,0
0.99810284,0
0.99810284,0
0.98888916,0
0.00015032291,0
1.5199184e-05,0
3.8146973e-06,0
0.0007433593,0
5.6922436e-06,0
0.0014418364,0
0.0014418364,0
4.917383e-06,0
6.5863132e-06,0
0.39383328,0
6.148219e-05,0
6.148219e-05,0
2.9146671e-05,0
0.001003772,0
0.0017766058,0
0.00015950203,0
0.0033305883,0
0.00091549754,0
0.0026484132,0
0.7006563,0
0.00018948317,0
0.00018948317,0
1.4334917e-05,0
0.9658587,0
5.9217215e-05,0
5.9217215e-05,0
2.5510788e-05,0
8.136034e-05,0
0.0002759099,0
6.0111284e-05,0
1.8954277e-05,0
1.6659498e-05,0
2.5361776e-05,0
0.00011304021,0
1.809001e-05,0
1.809001e-05,0
5.9127808e-05,0
7.611513e-05,0
5.9336424e-05,0
1.564622e-05,0
2.7805567e-05,0
1.335144e-05,0
1.0699034e-05,0
6.362796e-05,0
6.0081482e-05,0
5.891919e-05,0
5.891919e-05,0
6.708503e-05,0
2.926588e-05,0
1.874566e-05,0
0.00015100837,0
0.00015100837,0
7.1823597e-06,0
0.0020906925,0
2.3633242e-05,0
2.3633242e-05,0
6.3717365e-05,0
2.771616e-05,0
2.771616e-05,0
6.198883e-06,0
1.475215e-05,0
0.022405684,0
7.2836876e-05,0
1.9848347e-05,0
6.0498714e-05,0
6.0498714e-05,0
1.13248825e-05,0
0.97826374,0
0.00010102987,0
0.00010102987,0
9.4771385e-06,0
9.4771385e-06,0
0.00087341666,0
7.882714e-05,0
7.882714e-05,0
0.047128588,0
0.0035166442,0
0.0035166442,0
1.2129545e-05,0
1.2129545e-05,0
1.2129545e-05,0
1.2129545e-05,0
1.3232231e-05,0
0.00014433265,0
0.00014433265,0
0.022368103,0
0.022368103,0
1.4781952e-05,0
1.4781952e-05,0
0.00018680096,0
7.688999e-05,0
6.252527e-05,0
6.252527e-05,0
0.00056654215,0
0.00056654215,0
0.00039175153,0
0.00039175153,0
0.00032877922,0
0.00032877922,0
0.00048431754,0
0.00048431754,0
0.00056773424,0
0.00056773424,0
6.7293644e-05,0
9.638071e-05,0
0.00012022257,0
0.00012022257,0
0.00011283159,0
0.00011283159,0
0.00043171644,0
0.00043171644,0
0.0065174103,0
0.00042286515,0
0.0013545752,0
0.0013545752,0
0.00040584803,0
7.802248e-05,0
7.802248e-05,0
7.429719e-05,0
7.429719e-05,0
0.00031343102,0
1.4811754e-05,0
0.0189026,0
0.0189026,0
0.0019040704,0
0.0019040704,0
2.8669834e-05,0
2.8669834e-05,0
0.87856555,0
0.0015473366,0
0.00022387505,0
0.007368028,0
0.0003335178,0
0.505776,0
0.3527636,0
0.0008390844,0
7.95722e-05,0
0.0010692775,0
0.0010692775,0
0.00072547793,0
0.032656163,0
0.004627317,0
0.004627317,0
0.9950404,0
0.00016567111,0
0.00016567111,0
0.00017654896,0
0.00017654896,0
0.0014039576,0
0.0014039576,0
0.00011062622,0
0.00011062622,0
0.00023493171,0
0.00023493171,0
0.004189074,0
0.07401627,0
0.016739309,0
0.016739309,0
8.830428e-05,0
8.830428e-05,0
0.00028255582,0
0.00043815374,0
0.0013088882,0
0.0013088882,0
0.042212695,0
0.042212695,0
0.0008922219,0
0.0008922219,0
0.0017345846,0
0.0017345846,0
0.00020092726,0
0.00020092726,0
0.03246203,0
0.0003235638,0
0.0003440082,0
0.0008071363,0
0.0008071363,0
0.084193915,0
0.00017145276,0
0.0009704828,0
0.0024708807,0
0.002124548,0
0.0011594892,0
0.0011594892,0
0.00017213821,0
0.98866594,0
0.9960878,0
0.00023943186,0
0.0014775693,0
0.0026250482,0
7.1913004e-05,0
0.011462212,0
0.011462212,0
0.0001321137,0
0.00041344762,0
0.1712488,0
0.027241081,0
0.77156734,0
0.77156734,0
0.0009420812,0
0.00062307715,0
8.004904e-05,0
8.004904e-05,0
0.00033041835,0
0.0031645298,0
0.0031645298,0
0.009947419,0
0.009947419,0
0.0069586933,0
0.0069586933,0
0.00046113133,0
0.00046113133,0
0.00042411685,0
0.8799917,0
0.00091183186,0
0.00091183186,0
0.000274688,0
0.0005853772,0
0.0005853772,0
0.008325547,0
2.8133392e-05,0
2.8133392e-05,0
0.00015047193,0
0.00029671192,0
0.00029671192,0
0.99435556,0
0.011811048,0
0.9865422,0
0.019118994,0
0.11375034,0
5.9336424e-05,0
0.0006222427,0
0.95558584,0
1.7344952e-05,0
0.007964551,0
6.407499e-05,0
7.516146e-05,0
0.00032043457,0
0.00032043457,0
0.0008624792,0
9.0271235e-05,0
5.9068203e-05,0
5.9068203e-05,0
6.791949e-05,0
2.348423e-05,0
2.348423e-05,0
2.3007393e-05,0
1.2278557e-05,0
6.118417e-05,0
2.2053719e-05,0
1.5735626e-05,0
6.762147e-05,0
1.6331673e-05,0
0.021747798,0
0.0028259456,0
0.0002373457,0
0.0002373457,0
0.0006825328,0
8.094311e-05,0
1.1712313e-05,0
1.1712313e-05,0
0.00012972951,0
2.8431416e-05,0
6.93202e-05,0
5.9962273e-05,0
0.03095144,0
0.00024223328,0
0.0017196536,0
0.0017196536,0
8.162856e-05,0
0.00030732155,0
7.8231096e-05,0
7.8231096e-05,0
0.00053566694,0
1.2099743e-05,0
0.00016775727,0
0.00016775727,0
1.9013882e-05,0
1.9013882e-05,0
2.3305416e-05,0
2.3305416e-05,0
0.0047917366,0
0.0047917366,0
2.3931265e-05,0
2.3931265e-05,0
2.3901463e-05,0
2.3901463e-05,0
0.00049218535,0
0.00049218535,0
0.0037548542,0
0.0037548542,0
0.00017228723,0
0.00017228723,0
8.201599e-05,0
0.0003273785,0
0.0003273785,0
5.969405e-05,0
5.969405e-05,0
0.0018235445,0
0.00026905537,0
0.00026905537,0
8.422136e-05,0
8.422136e-05,0
0.00021985173,0
0.00021985173,0
0.0025027692,0
0.0010021627,0
0.0010021627,0
0.00017395616,0
0.00017395616,0
0.002471,0
0.002471,0
6.0230494e-05,0
0.022455335,0
0.00038045645,0
1.2546778e-05,0
1.2546778e-05,0
9.766221e-05,0
9.766221e-05,0
6.4879656e-05,0
0.00016567111,0
0.006238848,0
0.33801463,0
0.6725079,0
0.6725079,0
0.0074658394,0
0.010873675,0
0.0012696981,0
0.027451873,0
0.76401603,0
0.0042409003,0
0.00034976006,0
0.0071186423,0
2.4914742e-05,0
0.025972098,0
6.0647726e-05,0
6.0409307e-05,0
0.52813935,0
0.0030774176,0
9.149313e-06,0
5.981326e-05,0
5.981326e-05,0
1.6838312e-05,0
1.6838312e-05,0
6.0737133e-05,0
6.0737133e-05,0
6.1392784e-05,0
6.1392784e-05,0
1.335144e-05,0
0.0034423172,0
0.030039907,0
0.007946312,0
0.03463155,0
6.622076e-05,0
6.622076e-05,0
0.00021228194,0
0.00021228194,0
0.00016969442,0
0.00033313036,0
0.00033313036,0
0.066239744,0
0.066239744,0
0.00014978647,0
6.592274e-05,0
2.4139881e-05,0
0.00010436773,0
1.5586615e-05,0
0.06485441,0
1.4811754e-05,0
2.527237e-05,0
9.894371e-06,0
0.00027793646,0
6.2435865e-05,0
0.00021189451,0
9.685755e-06,0
9.685755e-06,0
0.00036790967,0
2.476573e-05,0
0.00011378527,0
0.00011378527,0
0.0051868856,0
0.39328653,0
0.99984586,0
0.13411382,0
0.13411382,0
1.3202429e-05,0
0.016261637,0
0.9124826,0
0.00055375695,0
7.712841e-05,0
0.0072332323,0
0.0072332323,0
0.220404,0
1.770258e-05,0
0.00025224686,0
0.001201123,0
0.9911386,0
0.0004426241,0
0.011559427,0
0.96941197,0
7.122755e-06,0
7.504225e-05,0
0.005908966,0
6.0737133e-05,0
6.0737133e-05,0
0.000108003616,0
0.0021499991,0
0.00022190809,0
6.2316656e-05,0
0.0003720522,0
0.0015835464,0
0.0015835464,0
1.1920929e-05,0
2.0295382e-05,0
0.012509644,0
0.012509644,0
0.08493966,0
0.08493966,0
0.0007633865,0
0.0007633865,0
0.00016367435,0
2.2441149e-05,0
0.00010365248,0
0.01705572,0
1.41859055e-05,0
1.41859055e-05,0
0.86187387,0
0.00050991774,0
2.2053719e-05,0
1.835823e-05,0
8.7440014e-05,0
8.457899e-05,0
1.6570091e-05,0
0.00018513203,0
2.3961067e-05,0
7.3969364e-05,0
8.255243e-06,0
8.255243e-06,0
1.579523e-05,0
1.579523e-05,0
1.9490719e-05,0
6.222725e-05,0
6.219745e-05,0
7.870793e-05,0
7.870793e-05,0
0.6556253,0
0.00533551,0
0.00533551,0
9.953976e-06,0
0.029129207,0
0.0011204183,0
0.0061872005,0
6.645918e-06,0
6.645918e-06,0
0.5820941,0
2.5331974e-05,0
2.977252e-05,0
1.5974045e-05,0
6.642938e-05,0
1.7821789e-05,0
2.7537346e-05,0
1.3500452e-05,0
1.3500452e-05,0
6.8992376e-05,0
9.807944e-05,0
6.0856342e-05,0
0.00017240644,0
0.002196759,0
0.002196759,0
1.1861324e-05,0
2.7269125e-05,0
2.7626753e-05,0
0.59803987,0
0.59803987,0
0.00011739135,0
0.00011739135,0
0.27979383,0
0.27979383,0
2.2232533e-05,0
6.607175e-05,0
5.9455633e-05,0
1.1652708e-05,0
9.933114e-05,0
0.00015315413,0
1.9401312e-05,0
6.005168e-05,0
6.0081482e-05,0
6.276369e-05,0
1.335144e-05,0
1.3232231e-05,0
0.00072705746,0
0.00072705746,0
2.5451183e-05,0
0.0001617372,0
0.0001617372,0
7.9512596e-05,0
7.9512596e-05,0
1.0937452e-05,0
1.0937452e-05,0
5.9604645e-05,0
6.735325e-05,0
1.4692545e-05,0
5.9455633e-05,0
5.9455633e-05,0
1.5199184e-05,0
5.888939e-05,0
7.277727e-05,0
7.277727e-05,0
0.0019663274,0
0.0019663274,0
0.9643327,0
5.90384e-05,0
0.008841157,0
0.82561827,0
0.82561827,0
1.7762184e-05,0
0.00018212199,0
0.00022274256,0
0.9914856,0
1.8775463e-05,0
6.28829e-05,0
0.0001757443,0
2.8431416e-05,0
0.0014065206,0
6.824732e-05,0
2.0593405e-05,0
2.0593405e-05,0
7.233024e-05,0
2.899766e-05,0
0.9983857,0
0.9983857,0
2.014637e-05,0
0.0004669428,0
0.0004669428,0
0.012101501,0
1.6093254e-05,0
6.1273575e-05,0
2.6911497e-05,0
9.8109245e-05,0
2.95043e-05,0
2.95043e-05,0
7.811189e-05,0
1.8835068e-05,0
1.8835068e-05,0
6.502867e-05,0
1.7344952e-05,0
2.9921532e-05,0
2.3782253e-05,0
0.00021055341,0
0.00021055341,0
8.2850456e-05,0
2.5600195e-05,0
2.3573637e-05,0
8.165836e-06,0
5.9127808e-05,0
1.3947487e-05,0
1.513958e-05,0
1.975894e-05,0
2.8133392e-05,0
2.8133392e-05,0
8.830428e-05,0
2.4855137e-05,0
1.8209219e-05,0
0.000108748674,0
0.0005646944,0
0.00178653,0
2.0295382e-05,0
5.9336424e-05,0
0.00014337897,0
2.026558e-05,0
1.385808e-05,0
8.106232e-06,0
5.9962273e-05,0
1.1980534e-05,0
1.335144e-05,0
1.8000603e-05,0
1.8000603e-05,0
7.3611736e-06,0
0.00021800399,0
0.9965357,0
0.017564416,0
0.0063730776,0
0.011822283,0
0.011822283,0
0.37783992,0
0.9996201,0
0.00015923381,0
2.8967857e-05,0
2.8967857e-05,0
0.0930129,0
0.99566656,0
0.00091969967,0
0.0048404634,0
0.0048404634,0
0.0038674176,0
0.00071540475,0
0.00071540475,0
0.0012387931,0
0.0012387931,0
0.003330946,0
0.003330946,0
0.83900714,0
0.83900714,0
0.015004903,0
0.015004903,0
0.0051939785,0
0.017543167,0
0.017543167,0
0.06630716,0
0.13633484,0
0.993008,0
0.0625768,0
0.066740185,0
0.0012802482,0
0.28107673,0
0.13501063,0
0.003890276,0
0.9947372,0
0.352686,0
0.0021443963,0
0.7617142,0
1.4960766e-05,0
4.529953e-06,0
0.0064035654,0
1.731515e-05,0
0.99801135,0
0.99801135,0
0.005493194,0
0.005493194,0
0.3635218,0
0.103229105,0
8.4370375e-05,0
8.4370375e-05,0
0.0015863776,0
0.0015863776,0
0.0034669638,0
0.0034669638,0
0.4403365,0
0.02678752,0
0.02678752,0
0.0010267496,0
0.0010267496,0
0.32158548,0
0.32158548,0
0.004482746,0
0.004482746,0
0.00029680133,0
0.00029680133,0
8.195639e-06,0
8.195639e-06,0
7.3581934e-05,0
7.3581934e-05,0
0.019508034,0
0.019508034,0
0.020855963,0
0.9834649,0
2.6524067e-05,0
0.0003079772,0
0.0003079772,0
6.7174435e-05,0
6.8217516e-05,0
6.8068504e-05,0
6.8068504e-05,0
0.00054883957,0
0.00027438998,0
0.00027438998,0
0.0015247464,0
0.0005250573,0
0.0005250573,0
0.0005733967,0
0.00010415912,0
0.00010415912,0
0.00016728044,0
7.6413155e-05,0
7.6413155e-05,0
7.1287155e-05,0
7.1287155e-05,0
0.0003645122,0
0.0003645122,0
6.5505505e-05,0
6.5505505e-05,0
0.00053852797,0
0.00053852797,0
0.040451467,0
0.9996747,0
0.03533429,0
0.03533429,0
0.0049205124,0
0.0008635819,0
0.32918143,0
0.32918143,0
0.0009814501,0
0.0009814501,0
0.011591315,0
0.2570238,0
0.000107854605,0
0.06938738,0
0.06938738,0
0.00330171,0
0.00330171,0
0.3356381,0
0.3356381,0
0.00016516447,0
0.00016516447,0
0.00094765425,0
0.0050631464,0
9.071827e-05,0
0.001521647,0
0.0013839304,0
9.253621e-05,0
9.253621e-05,0
0.1533801,0
0.1533801,0
0.027671993,0
0.008345902,0
0.008345902,0
0.08076289,0
0.08076289,0
0.007499188,0
0.00021192431,0
0.009389341,0
0.50408924,0
0.50408924,0
0.00038468838,0
0.00038468838,0
0.00024840236,0
0.0017095208,0
0.00036382675,0
0.00017124414,0
0.00017124414,0
0.21221775,0
0.8824101,0
0.9943469,0
0.0020908713,0
0.7981282,0
0.7981282,0
0.30425912,0
0.00046390295,0
0.025955528,0
0.025955528,0
0.076370984,0
0.0018957853,0
0.0018957853,0
0.0026889145,0
0.0016544163,0
0.0016544163,0
0.9341432,0
0.9341432,0
0.0091021955,0
0.0091021955,0
0.0102876425,0
0.6214313,0
0.74367243,0
0.74367243,0
0.0003606975,0
0.0003606975,0
0.00425303,0
0.12488404,0
0.12488404,0
0.018575728,0
0.00041666627,0
0.0014868081,0
0.0014868081,0
0.007103741,0
0.6879314,0
0.6879314,0
0.0006136298,0
0.41020966,0
0.0005418062,0
0.0005418062,0
0.97997284,0
0.053714067,0
0.053714067,0
0.24137488,0
0.24137488,0
0.0080240965,0
0.0018295348,0
0.0018295348,0
0.004794061,0
0.004794061,0
0.085938334,0
0.085938334,0
0.0028124452,0
0.0028124452,0
0.384482,0
9.918213e-05,0
0.0008315444,0
0.0008315444,0
0.00022172928,0
8.442998e-05,0
0.99535984,0
0.023242563,0
0.023242563,0
0.0012857318,0
0.000109285116,0
0.0014773309,0
0.015998393,0
0.015998393,0
0.00056895614,0
0.00056895614,0
0.113989025,0
0.113989025,0
0.0030286014,0
0.054268688,0
0.054268688,0
0.0017056763,0
0.0070273876,0
0.77042305,0
0.0055107474,0
0.7323956,0
0.0053801537,0
0.0053801537,0
0.005171448,0
0.00041398406,0
0.00041398406,0
0.00025045872,0
0.00025045872,0
0.0075200796,0
0.0075200796,0
0.0012506545,0
0.35596895,0
0.35596895,0
0.00014331937,0
0.00010338426,0
0.010616958,0
0.010616958,0
0.00014090538,0
0.00014090538,0
0.0034750402,0
0.9632495,0
0.28018805,0
0.28018805,0
0.88972193,0
0.035984755,0
0.008985251,0
0.008985251,0
0.04825473,0
0.04825473,0
0.022912651,0
0.022912651,0
0.5741996,0
0.5741996,0
0.014698744,0
0.0008147061,0
0.0008147061,0
0.014250666,0
0.014250666,0
0.015243173,0
0.5986573,0
0.00045496225,0
0.00053936243,0
0.005106479,0
0.005106479,0
0.0020034611,0
0.0020034611,0
0.00037792325,0
0.00037792325,0
0.0023148656,0
0.0023148656,0
9.4264746e-05,0
0.0014632344,0
0.0014632344,0
0.007885337,0
0.0013915896,0
0.0013271868,0
0.0013271868,0
0.00012236834,0
0.00012236834,0
0.00047782063,0
0.00047782063,0
0.0008844137,0
0.0008844137,0
0.00051140785,0
0.7999411,0
0.7999411,0
0.003508091,0
0.003508091,0
0.00123474,0
0.00020807981,0
0.00020807981,0
0.024469644,0
0.024498194,0
0.024498194,0
0.0023408234,0
0.022902697,0
0.0007081032,0
0.007899761,0
0.0009685755,0
0.0009685755,0
0.0032124221,0
2.631545e-05,0
0.9821243,0
0.9821243,0
0.00033536553,0
0.00033536553,0
0.0016660392,0
0.9986863,0
0.06718385,0
6.0498714e-05,0
0.96920943,0
0.0007057786,0
0.0028748512,0
0.0028748512,0
6.392598e-05,0
0.0018569529,0
0.0018569529,0
0.946084,0
0.66670567,0
0.66670567,0
0.017266423,0
0.17051378,0
0.058892578,0
0.04168856,0
0.0023881793,0
0.0009151399,0
0.016819447,0
0.19168445,0
0.00027883053,0
0.00027883053,0
0.0007444918,0
0.0013700128,0
0.0019103587,0
0.0019103587,0
0.0024436116,0
0.28000817,0
0.6336404,0
0.6336404,0
0.00030842423,0
0.00030842423,0
0.943331,0
0.052481532,0
0.052481532,0
8.0257654e-05,0
0.089268,0
0.5616984,0
0.9057282,0
0.00042888522,0
0.00016903877,0
5.978346e-05,0
9.590387e-05,0
0.0054556727,0
0.0004749298,0
7.897615e-06,0
6.684661e-05,0
2.348423e-05,0
2.348423e-05,0
5.5730343e-06,0
0.00012117624,0
1.1712313e-05,0
1.1712313e-05,0
7.7307224e-05,0
2.732873e-05,0
2.655387e-05,0
1.7017126e-05,0
1.7434359e-05,0
9.328127e-06,0
1.0430813e-05,0
0.00010415912,0
0.00010415912,0
1.5318394e-05,0
1.5318394e-05,0
0.24974117,0
1.6242266e-05,0
7.036328e-05,0
8.46386e-06,0
5.811453e-06,0
1.2099743e-05,0
7.236004e-05,0
7.2717667e-06,0
1.0192394e-05,0
6.619096e-05,0
1.8209219e-05,0
6.991625e-05,0
2.2172928e-05,0
2.2172928e-05,0
0.00023907423,0
3.7252903e-06,0
0.00029212236,0
6.5267086e-06,0
9.417534e-06,0
5.939603e-05,0
2.6881695e-05,0
0.00011754036,0
4.4107437e-06,0
8.374453e-06,0
3.3676624e-06,0
5.930662e-06,0
1.0609627e-05,0
2.4020672e-05,0
0.00016736984,0
2.1874905e-05,0
1.0043383e-05,0
1.886487e-05,0
6.0498714e-05,0
9.75728e-05,0
6.943941e-06,0
3.3080578e-06,0
1.2487173e-05,0
6.5267086e-06,0
1.1771917e-05,0
8.517504e-05,0
5.722046e-06,0
4.9471855e-06,0
6.16014e-05,0
5.722046e-06,0
6.467104e-06,0
5.9515238e-05,0
5.888939e-05,0
7.033348e-06,0
0.0069093406,0
6.145239e-05,0
1.9907951e-05,0
0.0007561445,0
2.643466e-05,0
1.0639429e-05,0
1.0639429e-05,0
0.00034374,0
6.633997e-05,0
1.1742115e-05,0
5.0365925e-06,0
0.003816247,0
2.05338e-05,0
0.0002772212,0
6.788969e-05,0
9.816885e-05,0
0.0003118515,0
1.1712313e-05,0
0.0007273853,0
2.6464462e-05,0
6.827712e-05,0
6.827712e-05,0
0.00011125207,0
8.583069e-06,0
0.010042101,0
9.328127e-06,0
5.90086e-05,0
0.00055778027,0
2.4110079e-05,0
0.00012809038,0
0.00010308623,0
1.5974045e-05,0
6.0498714e-05,0
8.434057e-06,0
0.00010162592,0
1.7553568e-05,0
6.4969063e-06,0
2.2768974e-05,0
2.8789043e-05,0
1.2516975e-05,0
1.8924475e-05,0
6.854534e-06,0
6.943941e-06,0
4.261732e-06,0
1.31726265e-05,0
1.6897917e-05,0
1.0192394e-05,0
2.655387e-05,0
0.00033840537,0
1.2010336e-05,0
0.0016762912,0
5.9753656e-05,0
5.9127808e-05,0
3.0398369e-06,0
9.739399e-05,0
0.006557733,0
0.006557733,0
0.9803977,0
2.6732683e-05,0
0.00019356608,0
2.2679567e-05,0
6.1154366e-05,0
3.0457973e-05,0
2.8252602e-05,0
0.00040191412,0
7.748604e-06,0
6.353855e-05,0
0.0010202527,0
1.1593103e-05,0
0.012974292,0
5.3346157e-06,0
0.019179672,0
0.3591088,0
1.4305115e-05,0
9.417534e-06,0
1.7166138e-05,0
6.604195e-05,0
2.6881695e-05,0
1.335144e-05,0
2.8640032e-05,0
0.00047436357,0
9.864569e-06,0
0.560452,0
6.681681e-05,0
2.8848648e-05,0
1.6659498e-05,0
5.9098005e-05,0
0.0007226467,0
7.9244375e-05,0
1.2695789e-05,0
0.016546369,0
6.106496e-05,0
1.13248825e-05,0
2.7686357e-05,0
1.3798475e-05,0
0.0001219213,0
2.1010637e-05,0
0.9746879,0
0.00078493357,0
0.0006158054,0
0.00044190884,0
0.00028079748,0
9.804964e-06,0
7.838011e-06,0
2.2917986e-05,0
1.2069941e-05,0
1.6123056e-05,0
0.00033128262,0
1.7940998e-05,0
8.34167e-05,0
1.5676022e-05,0
0.00011971593,0
0.00055885315,0
8.5771084e-05,0
0.000313282,0
0.00016483665,0
7.998943e-05,0
7.596612e-05,0
1.3828278e-05,0
0.0008588135,0
0.0007457733,0
2.0325184e-05,0
7.969141e-05,0
7.414818e-05,0
0.005747229,0
0.00058338046,0
2.8401613e-05,0
0.024612576,0
0.052269816,0
0.0093590915,0
1.9103289e-05,0
0.0010407269,0
0.00034579635,0
1.2010336e-05,0
0.00019550323,0
1.5258789e-05,0
8.893013e-05,0
9.256601e-05,0
3.8146973e-06,0
6.6906214e-05,0
1.6957521e-05,0
8.7320805e-06,0
1.7523766e-05,0
2.1606684e-05,0
1.9937754e-05,0
1.847744e-05,0
2.220273e-05,0
5.3942204e-06,0
0.00019717216,0
0.00018954277,0
6.1154366e-05,0
0.0026212037,0
8.517504e-05,0
0.010297805,0
0.16658753,0
0.1285708,0
5.990267e-06,0
4.6789646e-06,0
0.0016648471,0
0.0001450479,0
0.0001450479,0
0.00030562282,0
9.268522e-06,0
2.7924776e-05,0
5.9872866e-05,0
0.0030661523,0
1.1563301e-05,0
2.9146671e-05,0
1.9609928e-05,0
9.328127e-06,0
1.3589859e-05,0
1.54078e-05,0
8.46386e-06,0
1.5377998e-05,0
1.9997358e-05,0
1.9997358e-05,0
1.5258789e-05,0
8.791685e-06,0
6.106496e-05,0
5.9098005e-05,0
2.798438e-05,0
1.7464161e-05,0
8.481741e-05,0
0.00920561,0
2.1606684e-05,0
0.00030216575,0
2.7358532e-05,0
0.00030365586,0
0.0008251965,0
0.002211094,0
1.8566847e-05,0
0.00022172928,0
1.7821789e-05,0
0.0002259314,0
6.279349e-05,0
1.6659498e-05,0
0.00015512109,0
1.3381243e-05,0
2.8759241e-05,0
1.3738871e-05,0
0.00063091516,0
0.004353106,0
6.2704086e-05,0
0.00011882186,0
1.6957521e-05,0
2.1368265e-05,0
0.00028264523,0
7.867813e-06,0
0.000490427,0
2.3782253e-05,0
8.46386e-06,0
2.5004148e-05,0
2.8580427e-05,0
5.7816505e-06,0
5.7816505e-06,0
4.529953e-06,0
1.3113022e-05,0
0.9842235,0
9.447336e-06,0
1.0579824e-05,0
0.0002643168,0
1.2069941e-05,0
1.2457371e-05,0
6.854534e-06,0
0.00039058924,0
0.00013908744,0
0.000103622675,0
2.592802e-05,0
0.0008484721,0
2.4467707e-05,0
0.00012528896,0
0.00025448203,0
0.08967504,0
6.8843365e-06,0
0.0006814897,0
6.9737434e-06,0
9.506941e-06,0
9.953976e-05,0
6.80089e-05,0
0.000113874674,0
1.7285347e-05,0
8.046627e-06,0
1.2308359e-05,0
1.3530254e-05,0
6.645918e-06,0
1.0550022e-05,0
5.9604645e-05,0
9.536743e-06,0
5.9127808e-05,0
1.50203705e-05,0
4.1127205e-06,0
1.5556812e-05,0
6.79791e-05,0
2.4527311e-05,0
6.0468912e-05,0
0.043185174,0
0.00047925115,0
0.00012674928,0
0.00052189827,0
1.963973e-05,0
0.13054103,0
0.00078609586,0
0.6504027,0
0.00010338426,0
0.0010562241,0
8.6426735e-05,0
6.747246e-05,0
0.000361979,0
5.969405e-05,0
0.99930084,1
0.8603152,1
0.9403746,1
0.9403746,1
0.9924324,1
0.9727537,1
0.02357471,1
0.9467504,1
0.5931691,1
0.9988509,1
0.22864532,1
0.28234226,1
0.96059126,1
0.9996305,1
0.9996305,1
0.35536793,1
0.40649095,1
0.94893175,1
0.99962974,1
0.9950708,1
0.85305303,1
0.9679581,1
0.9040101,1
0.25663197,1
0.0003760457,1
0.93706566,1
0.88525295,1
0.88525295,1
2.4855137e-05,1
2.4855137e-05,1
0.0052297115,1
0.009110153,1
0.009110153,1
0.98687494,1
0.98687494,1
0.7830777,1
0.9939964,1
0.5473046,1
0.5473046,1
0.039968938,1
0.20822716,1
0.20822716,1
0.9967393,1
0.9967393,1
0.99803036,1
0.9184988,1
0.9184988,1
0.99620914,1
0.93496513,1
0.9194094,1
0.9194094,1
0.38862637,1
0.38862637,1
0.9996845,1
0.9949521,1
0.9949521,1
0.063216746,1
0.063216746,1
0.18543375,1
0.18543375,1
0.15341759,1
0.6956915,1
0.6956915,1
0.971282,1
0.99656355,1
0.99656355,1
0.06932294,1
0.9996899,1
0.9996899,1
0.99959624,1
0.003419131,1
0.003419131,1
0.9971404,1
0.9971404,1
0.9898746,1
0.9898746,1
0.07166633,1
0.07166633,1
0.7158602,1
0.7158602,1
0.9932243,1
0.94636273,1
0.68116426,1
0.0076620877,1
0.0076620877,1
0.9968843,1
0.045100927,1
0.9918785,1
0.28082883,1
0.00012478232,1
0.00012478232,1
0.7435986,1
0.995461,1
0.8791576,1
0.9908066,1
0.9908066,1
0.9939619,1
0.9939619,1
0.0013475418,1
0.9958864,1
0.009883553,1
0.009883553,1
0.6013415,1
0.0010660291,1
0.136491,1
0.05265668,1
0.05265668,1
0.13338467,1
0.13338467,1
0.018960148,1
0.02639401,1
0.88018066,1
0.91282976,1
0.9722141,1
0.1882759,1
0.0048372746,1
0.056955278,1
0.056955278,1
0.66773725,1
0.9522295,1
0.74400306,1
0.45022982,1
0.45022982,1
0.56669223,1
0.56669223,1
0.088195264,1
0.9822689,1
0.9822689,1
0.8521353,1
9.033084e-05,1
0.9093305,1
0.028710842,1
0.008579433,1
0.008579433,1
0.9100319,1
0.00024011731,1
0.94226587,1
0.026134878,1
0.9798256,1
0.9798256,1
0.99951553,1
0.6719224,1
0.41672614,1
0.92201734,1
0.23387173,1
0.23387173,1
0.056517065,1
0.056517065,1
0.34938034,1
0.8017643,1
0.0060338676,1
0.75711465,1
0.7184168,1
0.27928156,1
0.005225271,1
0.98811126,1
0.12538856,1
0.12538856,1
0.26641715,1
0.74935645,1
0.28735387,1
0.8539718,1
0.8539718,1
0.430399,1
0.430399,1
0.7072002,1
0.8608205,1
0.98642516,1
0.69233745,1
0.068024784,1
0.0069229305,1
0.94618046,1
0.3496576,1
0.5818236,1
0.9641542,1
0.033916026,1
0.00065398216,1
0.98017836,1
0.994392,1
0.0503875,1
0.944807,1
0.23655602,1
0.070973635,1
0.07822487,1
0.35038927,1
0.00938803,1
0.00938803,1
0.17162484,1
0.8132807,1
0.87849176,1
0.004807651,1
0.38692293,1
0.27376336,1
0.00062456727,1
0.24114755,1
0.7663642,1
0.65472007,1
0.5246619,1
0.5063487,1
0.00018554926,1
0.00018554926,1
0.33308262,1
0.860391,1
0.860391,1
0.9946636,1
0.99251354,1
0.00017982721,1
0.00017982721,1
0.19273329,1
0.19273329,1
0.98868144,1
0.00086149573,1
0.88906413,1
0.88906413,1
0.14468658,1
0.980144,1
0.980144,1
0.979473,1
0.979473,1
0.071774036,1
0.09770492,1
0.09770492,1
0.1971001,1
0.9995364,1
0.9898099,1
0.10203284,1
0.9205673,1
0.004843384,1
0.004843384,1
0.99542487,1
0.99542487,1
0.13827384,1
0.053395838,1
0.12379399,1
0.99360764,1
0.06975937,1
0.06975937,1
0.91857994,1
0.004597038,1
0.88057685,1
0.88057685,1
0.11901313,1
0.11901313,1
0.1539076,1
0.9995419,1
0.059995294,1
0.0020228028,1
0.0020228028,1
0.0001424551,1
0.206981,1
0.206981,1
0.5580738,1
0.9831637,1
0.16939017,1
0.9334241,1
0.10592601,1
0.10592601,1
0.03723514,1
0.0040029883,1
0.9067388,1
0.9067388,1
0.9543209,1
0.001619637,1
0.32229662,1
0.16599417,1
0.01826626,1
0.06920716,1
0.99798477,1
0.29542732,1
0.8603363,1
0.9992593,1
0.8159152,1
0.11094582,1
0.08143377,1
0.39689422,1
0.9956012,1
0.5446598,1
0.9535341,1
0.061583728,1
0.061583728,1
0.24797621,1
0.9977424,1
0.24397925,1
0.0003387332,1
0.974944,1
0.0013109148,1
0.0013109148,1
0.19110215,1
0.19110215,1
0.02132821,1
0.02132821,1
0.032507747,1
0.894115,1
0.32466704,1
0.5811461,1
0.9644468,1
0.9644468,1
0.7008017,1
0.4523594,1
0.672277,1
0.20299587,1
0.20299587,1
0.0037195385,1
0.10540983,1
0.99918,1
0.9837936,1
0.9837936,1
0.27841306,1
0.009344786,1
0.009344786,1
0.9650904,1
0.9650904,1
0.9617084,1
0.98950326,1
0.99732673,1
8.061528e-05,1
0.9316753,1
0.0026223063,1
0.038746685,1
0.9859587,1
0.007902682,1
0.48693797,1
0.8569564,1
0.7607168,1
0.30116427,1
0.30116427,1
0.83507526,1
0.073191494,1
0.073191494,1
0.24441233,1
0.24441233,1
0.9800236,1
0.9845821,1
0.9907688,1
0.9907688,1
0.67883265,1
0.00043997169,1
0.96587074,1
0.0029293,1
0.026474804,1
0.026474804,1
0.9798621,1
0.0075242817,1
0.0075242817,1
0.90742207,1
0.06697279,1
0.06697279,1
0.39067715,1
0.47143865,1
0.47143865,1
0.92528594,1
0.08638796,1
0.08638796,1
0.0014232099,1
0.95489174,1
0.3311997,1
0.3311997,1
0.7900491,1
0.004317105,1
0.30981076,1
0.99903333,1
0.37220386,1
0.37220386,1
0.122175485,1
0.9674853,1
0.9952291,1
0.9952291,1
0.9903817,1
0.009407759,1
0.009407759,1
0.37530684,1
0.04511252,1
0.016940176,1
0.0030222833,1
0.8448643,1
0.0029628277,1
0.3110019,1
0.47107938,1
0.00038143992,1
0.23258886,1
0.015376598,1
0.29125774,1
0.29125774,1
0.9961436,1
0.7429026,1
0.0044852495,1
0.17905971,1
0.17905971,1
0.89367527,1
0.98061126,1
0.98061126,1
0.9941243,1
0.22637734,1
0.22637734,1
0.2343109,1
0.54005647,1
0.40338355,1
0.40338355,1
0.014782995,1
0.23784521,1
0.5655236,1
0.0024457574,1
0.013140947,1
0.00030496716,1
0.00030496716,1
0.00029820204,1
0.00029820204,1
0.67069644,1
0.67069644,1
0.99899733,1
0.0022549927,1
0.0071226954,1
0.0071226954,1
0.9611523,1
0.9611523,1
0.5659345,1
0.5659345,1
0.4141002,1
0.4141002,1
0.00062671304,1
0.98969996,1
0.78908443,1
0.9427463,1
0.90474296,1
0.90474296,1
0.740154,1
0.34770474,1
0.34770474,1
0.75685424,1
0.75685424,1
0.81123495,1
0.0002809763,1
0.0002809763,1
0.98323447,1
8.85129e-06,1
0.99071527,1
0.8008101,1
0.8008101,1
0.5973184,1
0.9576908,1
0.14978638,1
0.016839683,1
0.015405089,1
0.99618673,1
0.00469473,1
0.9288089,1
0.0031900406,1
0.034113795,1
0.9357181,1
0.9966035,1
0.9966035,1
0.00010827184,1
0.00010827184,1
0.030514598,1
0.030514598,1
0.98984027,1
0.98984027,1
0.0002567768,1
0.0002567768,1
0.00020980835,1
0.00038397312,1
0.00038397312,1
0.7888728,1
0.7888728,1
0.99722075,1
0.99722075,1
0.32148927,1
0.32148927,1
0.9606774,1
0.9606774,1
0.101768374,1
0.101768374,1
0.06107247,1
0.06107247,1
0.0471721,1
0.0471721,1
0.007351041,1
0.007351041,1
0.98967427,1
0.63293934,1
0.63293934,1
0.37844163,1
0.37844163,1
0.991156,1
0.991156,1
0.043141425,1
0.007810682,1
0.010209858,1
0.00022885203,1
0.00022885203,1
0.00022050738,1
0.00022050738,1
0.08802658,1
0.08802658,1
0.9933536,1
0.9933536,1
0.99112535,1
0.99112535,1
0.049703985,1
0.049703985,1
0.0016796291,1
0.0016796291,1
0.99811137,1
0.99811137,1
0.95746225,1
0.95746225,1
0.064837396,1
0.10191256,1
0.020106047,1
0.270107,1
0.058122516,1
0.058122516,1
0.6023571,1
0.6023571,1
0.0062925518,1
0.0062925518,1
0.0038409233,1
0.026477456,1
0.026477456,1
0.0006226599,1
0.0006226599,1
0.9292537,1
0.93046576,1
0.6916327,1
0.9998797,1
0.06882349,1
0.60217005,1
0.591431,1
0.81484795,1
0.0032717884,1
0.9991684,1
0.019309133,1
0.2558629,1
0.98722184,1
0.98722184,1
0.0029281974,1
0.9995939,1
0.0073967874,1
0.08861399,1
0.08861399,1
0.99929005,1
0.99455893,1
0.99091035,1
0.17972878,1
0.046862215,1
0.046862215,1
0.573601,1
0.573601,1
0.99745667,1
0.99745667,1
0.8792958,1
0.061980695,1
0.0010505319,1
0.99886024,1
0.99886024,1
0.8070613,1
0.8070613,1
0.99802697,1
0.99802697,1
0.67287815,1
0.67287815,1
0.99417084,1
0.99417084,1
0.9991697,1
0.9991697,1
0.9995761,1
0.9995761,1
0.9996408,1
0.9996408,1
0.9638405,1
0.9638405,1
0.99105656,1
0.99434745,1
0.0008686185,1
0.0008686185,1
0.012333125,1
0.004677981,1
0.0007811487,1
0.6694616,1
0.0049173236,1
0.9995401,1
0.0043995082,1
0.017024636,1
0.00065103173,1
0.0006468296,1
0.00029465556,1
0.00029465556,1
0.00013440847,1
0.99366343,1
0.75671744,1
0.7890754,1
0.14782074,1
0.14782074,1
0.9945409,1
0.9945409,1
0.03913185,1
0.03913185,1
9.098649e-05,1
0.013397276,1
0.12251264,1
0.3924735,1
0.2162166,1
0.031950295,1
0.031950295,1
0.025723547,1
0.025723547,1
0.011766523,1
0.2678527,1
0.2678527,1
0.73133767,1
0.49805734,1
0.49805734,1
0.008089542,1
0.9961991,1
0.9961991,1
0.9964354,1
0.6655136,1
0.9852726,1
0.9944148,1
0.9996954,1
0.99195373,1
0.99195373,1
0.99859333,1
0.99965644,1
0.99965644,1
0.874825,1
0.9180635,1
0.9180635,1
0.03161928,1
0.03161928,1
0.5367474,1
0.39642152,1
0.39642152,1
0.008793801,1
0.56233585,1
0.000364542,1
0.999406,1
0.07798222,1
8.109212e-05,1
8.109212e-05,1
0.10000247,1
0.00028643012,1
0.00051516294,1
0.527119,1
0.966379,1
0.00023385882,1
0.00023385882,1
0.99800897,1
0.0006776154,1
0.022685796,1
0.9612844,1
0.18569845,1
0.13850465,1
0.024555951,1
0.5374798,1
0.39366546,1
0.39366546,1
6.455183e-05,1
0.93460405,1
0.33616325,1
0.052168667,1
0.077771425,1
0.077771425,1
0.04074931,1
0.845968,1
0.01746422,1
0.4183622,1
0.4183622,1
0.504615,1
0.21008769,1
0.9493885,1
0.029251099,1
0.99057776,1
0.99912965,1
0.99912965,1
0.99594235,1
0.071192116,1
0.071192116,1
0.84003067,1
0.98230505,1
0.7891651,1
0.98924404,1
0.9840112,1
0.9840112,1
0.9877999,1
0.99939466,1
0.90505433,1
0.999866,1
0.99950707,1
0.9306197,1
0.25674632,1
0.90138984,1
0.88837504,1
0.9861152,1
0.9474826,1
0.55641645,1
0.99946547,1
0.99812853,1
0.9812882,1
0.999768,1
0.85042644,1
0.9974505,1
0.9589493,1
0.99971855,1
0.9995862,1
0.9989225,1
0.99997437,1
0.9997394,1
0.99657696,1
0.9012078,1
0.9012078,1
0.7637033,1
0.09215397,1
0.9811364,1
0.9811364,1
0.9812058,1
0.6340014,1
0.6340014,1
0.022619277,1
0.022619277,1
0.07621673,1
0.07621673,1
0.9981586,1
0.9981586,1
0.9963669,1
0.9963669,1
0.9927131,1
0.9956565,1
0.9749402,1
0.9749402,1
0.9992407,1
0.99655306,1
0.99898064,1
0.9994191,1
0.9986729,1
0.99717885,1
0.21355304,1
0.048621684,1
0.020677745,1
0.04248023,1
0.04248023,1
0.89836085,1
0.89836085,1
0.9886637,1
0.9886637,1
0.003377378,1
0.003377378,1
0.7897619,1
0.7897619,1
0.9771037,1
0.85880876,1
0.85880876,1
0.99720854,1
0.99720854,1
0.98149157,1
0.927363,1
0.94069123,1
0.0068107545,1
0.9975139,1
0.9790559,1
0.8595324,1
0.009247154,1
0.009247154,1
0.9917776,1
0.9917776,1
0.9808084,1
0.87500834,1
0.87500834,1
0.9953805,1
0.9953805,1
0.9016355,1
0.9961408,1
0.9922532,1
0.2883746,1
0.2883746,1
0.008985639,1
0.008985639,1
0.0659484,1
0.0659484,1
0.9325575,1
0.9325575,1
0.99882764,1
0.99882764,1
0.997429,1
0.997429,1
0.9818863,1
0.9818863,1
0.9688951,1
0.9688951,1
0.8552826,1
0.97886825,1
0.97886825,1
0.90948844,1
0.90948844,1
0.984653,1
0.97223896,1
0.97223896,1
0.8344681,1
0.99322367,1
0.99322367,1
0.7309601,1
0.7309601,1
0.9734993,1
0.9823233,1
0.9823233,1
0.97836053,1
0.9892646,1
0.9892646,1
0.87931484,1
0.87931484,1
0.3726011,1
0.3726011,1
0.9610193,1
0.15672433,1
0.15672433,1
0.99520344,1
0.99520344,1
0.9390923,1
0.9390923,1
0.99311495,1
0.0090351105,1
0.0090351105,1
0.9927863,1
0.17344394,1
0.17344394,1
0.07041338,1
0.78946304,1
0.03137818,1
0.03137818,1
0.99860084,1
0.9732212,1
0.99880064,1
0.2880941,1
0.99911225,1
0.99911225,1
0.9801216,1
0.94148254,1
0.94148254,1
0.99745417,1
0.94834834,1
0.94834834,1
0.9975914,1
0.9975914,1
0.99681586,1
0.99681586,1
0.9921049,1
0.9982083,1
0.9942505,1
0.24034804,1
0.24034804,1
0.102268785,1
0.102268785,1
0.047789127,1
0.047789127,1
0.9193153,1
0.94405097,1
0.94405097,1
0.31796816,1
0.31796816,1
0.788025,1
0.788025,1
0.99562454,1
0.99562454,1
0.9932424,1
0.9932424,1
0.881853,1
0.881853,1
0.9981004,1
0.9981004,1
0.96005505,1
0.60199386,1
0.8470042,1
0.97963214,1
0.9907762,1
0.1581929,1
0.016580313,1
0.9311477,1
0.9311477,1
0.9890884,1
0.9890884,1
0.9801249,1
0.9809054,1
0.9809054,1
0.9994889,1
0.9994889,1
0.99823505,1
0.99823505,1
0.80523217,1
0.80523217,1
0.9752854,1
0.9752854,1
0.9033264,1
0.9033264,1
0.6387622,1
0.6387622,1
0.9810952,1
0.9810952,1
0.92186266,1
0.9684338,1
0.99578047,1
0.99578047,1
0.9981872,1
0.98557246,1
0.99889946,1
0.99889946,1
0.9990736,1
0.99311423,1
0.9939748,1
0.9939748,1
0.9998368,1
0.98960936,1
0.98960936,1
0.99915993,1
0.9944408,1
0.6021612,1
0.99379,1
0.99379,1
0.98390913,1
0.99472654,1
0.9884613,1
0.9884613,1
0.98883945,1
0.98883945,1
0.99922407,1
0.99922407,1
0.8788799,1
0.8788799,1
0.9052015,1
0.9052015,1
0.9939399,1
0.9852823,1
0.9852823,1
0.99566233,1
0.99566233,1
0.99798083,1
0.99798083,1
0.9776225,1
0.9776225,1
0.12312153,1
0.9932873,1
0.8704395,1
0.9945935,1
0.99752825,1
0.99752825,1
0.9063927,1
0.9997475,1
0.96254355,1
0.6516755,1
0.6516755,1
0.9701967,1
0.9701967,1
0.9992893,1
0.20298845,1
0.20298845,1
0.9977219,1
0.072389126,1
0.99660736,1
0.99660736,1
0.9761505,1
0.9671702,1
0.9671702,1
0.6225176,1
0.041484416,1
0.041484416,1
0.94324195,1
0.94324195,1
0.0012838542,1
0.9850855,1
0.9850855,1
0.9805316,1
0.9210492,1
0.9210492,1
0.65930194,1
0.65930194,1
0.9970418,1
0.9970418,1
0.9590768,1
0.9590768,1
0.88258946,1
0.8272921,1
0.8272921,1
0.9989417,1
0.9989417,1
0.34109837,1
0.9976798,1
0.00014513731,1
0.00014513731,1
0.6119753,1
0.98942554,1
0.3644191,1
0.3644191,1
0.9833865,1
0.9986887,1
0.0032579303,1
0.9519139,1
0.9519139,1
0.147185,1
0.7428971,1
0.029766858,1
0.029766858,1
0.0048263967,1
0.029411018,1
0.006765604,1
0.006765604,1
0.90960723,1
0.8111361,1
0.04950005,1
0.9824563,1
0.09617427,1
0.50472516,1
0.79446876,1
0.00013193488,1
0.7726786,1
0.35796806,1
0.0020718575,1
0.9430529,1
0.99283135,1
0.84457535,1
0.063396215,1
0.835734,1
0.9977941,1
0.8293735,1
0.73484653,1
0.73484653,1
0.00032642484,1
0.88707864,1
0.88707864,1
0.99691844,1
0.00020843744,1
0.87913465,1
0.9735879,1
0.99906373,1
0.9992796,1
0.99840033,1
0.99977064,1
0.99977064,1
0.013903201,1
0.26920754,1
0.0008441806,1
0.71636003,1
0.71636003,1
0.99829054,1
0.866436,1
0.866436,1
0.9993844,1
0.99943894,1
0.99943894,1
0.95222557,1
0.99455273,1
0.9992762,1
0.9991336,1
0.99563223,1
0.99689156,1
0.014315039,1
0.9990809,1
0.00077813864,1
0.0053086877,1
0.9758762,1
0.53843075,1
0.9861895,1
0.9861895,1
0.022564143,1
0.9979906,1
0.7765895,1
0.0031686425,1
0.0031686425,1
8.0794096e-05,1
0.12787268,1
0.26091588,1
0.053836733,1
0.99978477,1
0.99039257,1
0.99039257,1
0.9992802,1
0.9992802,1
0.8749161,1
0.9941832,1
0.9983363,1
0.59391725,1
0.98317707,1
0.98317707,1
0.9980491,1
0.006698042,1
0.9896915,1
0.9859978,1
0.7955903,1
0.7955903,1
0.3661317,1
0.96983343,1
0.72818184,1
0.72818184,1
0.9987512,1
0.92156696,1
0.9980192,1
0.9980192,1
0.961419,1
0.961419,1
0.9674456,1
0.005282223,1
0.99703765,1
0.99703765,1
0.2935741,1
0.0059114397,1
0.07155424,1
0.00372082,1
0.6249828,1
0.6158629,1
0.8386268,1
0.481821,1
0.481821,1
0.9984844,1
0.9984844,1
6.279349e-05,1
0.0003296733,1
0.94650656,1
0.88548315,1
0.94557023,1
0.99351776,1
0.99732065,1
0.9991479,1
0.08140221,1
0.99930483,1
0.9983039,1
0.9983039,1
0.97422457,1
